[
  {
    "name": "eren",
    "age": "17",
    "person_photo": "https://encrypted-tbn0.gstatic.com/images?q=tbn:ANd9GcTpK9cJt_aDt2M3xqWbDx1ayJpDNmnPNHpgwfToSuUei9Fsd96JaeY_NkYm2uDlgAcInhs&usqp=CAU"
  },{
    "name": "adsadsa",
    "age": "17",
    "person_photo": "https://encrypted-tbn0.gstatic.com/images?q=tbn:ANd9GcTpK9cJt_aDt2M3xqWbDx1ayJpDNmnPNHpgwfToSuUei9Fsd96JaeY_NkYm2uDlgAcInhs&usqp=CAU"
  },{
    "name": "eeeeeeeee",
    "age": "17",
    "person_photo": "https://encrypted-tbn0.gstatic.com/images?q=tbn:ANd9GcTpK9cJt_aDt2M3xqWbDx1ayJpDNmnPNHpgwfToSuUei9Fsd96JaeY_NkYm2uDlgAcInhs&usqp=CAU"
  }
]